GCA_000006745.1_00928	s__Vibrio cholerae	#8bd346
GCA_000006745.1_01844	s__Vibrio cholerae	#8bd346
GCA_000016245.1_00444	s__Vibrio cholerae	#8bd346
GCA_000021605.1_00886	s__Vibrio cholerae	#8bd346
GCA_000152445.1_01115	s__Vibrio cholerae	#8bd346
GCA_000152445.1_03514	s__Vibrio cholerae	#8bd346
GCA_000152465.2_00878	s__Vibrio cholerae	#8bd346
GCA_000152465.2_01590	s__Vibrio cholerae	#8bd346
GCA_000153785.3_00635	s__Vibrio cholerae	#8bd346
GCA_000153785.3_02529	s__Vibrio cholerae	#8bd346
GCA_000153945.1_00496	s__Vibrio cholerae	#8bd346
GCA_000153945.1_02894	s__Vibrio cholerae	#8bd346
GCA_000153985.3_01192	s__Vibrio cholerae	#8bd346
GCA_000153985.3_02028	s__Vibrio cholerae	#8bd346
GCA_000154005.2_00291	s__Vibrio cholerae	#8bd346
GCA_000154005.2_01223	s__Vibrio cholerae	#8bd346
GCA_000158115.1_01695	s__Vibrio sinaloensis	#EEF1BD
GCA_000167935.2_01666	s__Vibrio cholerae	#8bd346
GCA_000167935.2_02305	s__Vibrio cholerae	#8bd346
GCA_000168895.2_01199	s__Vibrio cholerae	#8bd346
GCA_000168895.2_01860	s__Vibrio cholerae	#8bd346
GCA_000168935.3_00023	s__Vibrio cholerae	#8bd346
GCA_000168935.3_00991	s__Vibrio cholerae	#8bd346
GCA_000174115.1_00905	s__Vibrio cholerae	#8bd346
GCA_000174115.1_01792	s__Vibrio cholerae	#8bd346
GCA_000174235.1_01478	s__Vibrio cholerae	#8bd346
GCA_000174235.1_01479	s__Vibrio cholerae	#8bd346
GCA_000174235.1_03233	s__Vibrio cholerae	#8bd346
GCA_000174255.1_00122	s__Vibrio cholerae	#8bd346
GCA_000174255.1_03235	s__Vibrio cholerae	#8bd346
GCA_000174295.1_00980	s__Vibrio cholerae	#8bd346
GCA_000174295.1_02850	s__Vibrio cholerae	#8bd346
GCA_000175975.1_02289	s__Vibrio mimicus	#BBD686
GCA_000175995.1_01870	s__Vibrio mimicus	#BBD686
GCA_000176135.1_02548	s__Vibrio coralliilyticus	#644536
GCA_000176215.1_01129	s__Vibrio metoecus	#60dbe8
GCA_000176215.1_02817	s__Vibrio metoecus	#60dbe8
GCA_000176375.1_03029	s__Vibrio mimicus	#BBD686
GCA_000176415.1_00173	s__Vibrio mimicus	#BBD686
GCA_000176455.1_01742	s__Vibrio cholerae	#8bd346
GCA_000176455.1_03193	s__Vibrio cholerae	#8bd346
GCA_000176715.1_00530	s__Vibrio sp000176715	#9b5fe0
GCA_000176715.1_02879	s__Vibrio sp000176715	#9b5fe0
GCA_000195065.1_00887	s__Vibrio cholerae	#8bd346
GCA_000195065.1_01808	s__Vibrio cholerae	#8bd346
GCA_000195475.2_02707	s__Vibrio coralliilyticus	#644536
GCA_000217675.1_01296	s__Vibrio anguillarum	#d64e12
GCA_000217675.1_02175	s__Vibrio anguillarum	#d64e12
GCA_000220765.2_00551	s__Vibrio cholerae	#8bd346
GCA_000220765.2_01431	s__Vibrio cholerae	#8bd346
GCA_000220785.2_00641	s__Vibrio cholerae	#8bd346
GCA_000220785.2_01760	s__Vibrio cholerae	#8bd346
GCA_000221405.1_01406	s__Vibrio cholerae	#8bd346
GCA_000221405.1_01526	s__Vibrio cholerae	#8bd346
GCA_000221445.1_01043	s__Vibrio cholerae	#8bd346
GCA_000221445.1_02041	s__Vibrio cholerae	#8bd346
GCA_000221465.1_01659	s__Vibrio cholerae	#8bd346
GCA_000222145.1_01216	s__Vibrio mimicus	#BBD686
GCA_000222665.2_00543	s__Vibrio tubiashii	#B2675E
GCA_000237625.2_02433	s__Vibrio cholerae	#8bd346
GCA_000237625.2_03127	s__Vibrio cholerae	#8bd346
GCA_000237745.2_01763	s__Vibrio cholerae	#8bd346
GCA_000237745.2_02961	s__Vibrio cholerae	#8bd346
GCA_000237745.2_02962	s__Vibrio cholerae	#8bd346
GCA_000257185.1_00383	s__Vibrio anguillarum	#d64e12
GCA_000257185.1_01118	s__Vibrio anguillarum	#d64e12
GCA_000257205.1_01922	s__Vibrio ordalii	#f9a52c
GCA_000257205.1_01975	s__Vibrio ordalii	#f9a52c
GCA_000272145.2_03430	s__Vibrio cortegadensis	#C4A381
GCA_000279265.1_01859	s__Vibrio cholerae	#8bd346
GCA_000279285.1_01086	s__Vibrio cholerae	#8bd346
GCA_000279345.1_01906	s__Vibrio cholerae	#8bd346
GCA_000279435.1_00976	s__Vibrio cholerae	#8bd346
GCA_000287075.2_02263	s__Vibrio anguillarum	#d64e12
GCA_000287095.2_00003	s__Vibrio anguillarum	#d64e12
GCA_000287095.2_01187	s__Vibrio anguillarum	#d64e12
GCA_000287115.2_01950	s__Vibrio anguillarum	#d64e12
GCA_000287115.2_03108	s__Vibrio anguillarum	#d64e12
GCA_000287135.2_01818	s__Vibrio anguillarum	#d64e12
GCA_000287155.2_00731	s__Vibrio anguillarum	#d64e12
GCA_000287155.2_02576	s__Vibrio anguillarum	#d64e12
GCA_000299495.2_00915	s__Vibrio cholerae	#8bd346
GCA_000299495.2_02031	s__Vibrio cholerae	#8bd346
GCA_000302965.1_01340	s__Vibrio cholerae	#8bd346
GCA_000302965.1_02653	s__Vibrio cholerae	#8bd346
GCA_000303085.1_01663	s__Vibrio cholerae	#8bd346
GCA_000303085.1_01664	s__Vibrio cholerae	#8bd346
GCA_000303085.1_01890	s__Vibrio cholerae	#8bd346
GCA_000304915.2_01111	s__Vibrio cholerae	#8bd346
GCA_000304915.2_02336	s__Vibrio cholerae	#8bd346
GCA_000304995.1_01604	s__Vibrio cholerae	#8bd346
GCA_000305625.2_01866	s__Vibrio cholerae	#8bd346
GCA_000318075.1_01297	s__Vibrio cholerae	#8bd346
GCA_000318075.1_01322	s__Vibrio cholerae	#8bd346
GCA_000338215.2_01550	s__Vibrio cholerae	#8bd346
GCA_000338875.1_03705	s__Vibrio mimicus	#BBD686
GCA_000348085.2_02571	s__Vibrio cholerae	#8bd346
GCA_000348345.2_00574	s__Vibrio cholerae	#8bd346
GCA_000348345.2_01494	s__Vibrio cholerae	#8bd346
GCA_000348425.2_00798	s__Vibrio cholerae	#8bd346
GCA_000348425.2_02223	s__Vibrio cholerae	#8bd346
GCA_000387585.1_00574	s__Vibrio cholerae	#8bd346
GCA_000387585.1_02299	s__Vibrio cholerae	#8bd346
GCA_000461895.1_03264	s__Vibrio coralliilyticus	#644536
GCA_000473785.1_00871	s__Vibrio mimicus	#BBD686
GCA_000518145.1_02808	s__Vibrio cholerae	#8bd346
GCA_000696385.1_00044	s__Vibrio metoecus	#60dbe8
GCA_000696385.1_01425	s__Vibrio metoecus	#60dbe8
GCA_000710155.1_00900	s__Vibrio cholerae	#8bd346
GCA_000735705.2_02948	s__Vibrio cholerae	#8bd346
GCA_000735705.2_02949	s__Vibrio cholerae	#8bd346
GCA_000736765.1_00388	s__Vibrio cholerae	#8bd346
GCA_000736765.1_02450	s__Vibrio cholerae	#8bd346
GCA_000736775.1_02995	s__Vibrio cholerae	#8bd346
GCA_000736785.1_01718	s__Vibrio cholerae	#8bd346
GCA_000736785.1_02090	s__Vibrio cholerae	#8bd346
GCA_000736795.1_00396	s__Vibrio cholerae	#8bd346
GCA_000736795.1_01650	s__Vibrio cholerae	#8bd346
GCA_000736855.1_01303	s__Vibrio cholerae	#8bd346
GCA_000736875.1_03282	s__Vibrio cholerae	#8bd346
GCA_000736935.1_01489	s__Vibrio cholerae	#8bd346
GCA_000736935.1_02682	s__Vibrio cholerae	#8bd346
GCA_000736945.1_00717	s__Vibrio cholerae	#8bd346
GCA_000737015.1_00468	s__Vibrio cholerae	#8bd346
GCA_000737015.1_00469	s__Vibrio cholerae	#8bd346
GCA_000737025.1_00016	s__Vibrio cholerae	#8bd346
GCA_000737025.1_00672	s__Vibrio cholerae	#8bd346
GCA_000740515.2_01620	s__Vibrio cholerae	#8bd346
GCA_000740515.2_02731	s__Vibrio cholerae	#8bd346
GCA_000740665.1_01628	s__Vibrio coralliilyticus	#644536
GCA_000753725.1_01252	s__Vibrio cholerae	#8bd346
GCA_000763075.1_00485	s__Vibrio cholerae	#8bd346
GCA_000763535.1_03406	s__Vibrio coralliilyticus	#644536
GCA_000772065.1_04658	s__Vibrio coralliilyticus	#644536
GCA_000775715.1_00820	s__Vibrio tubiashii_A	#B2675E
GCA_000775725.1_01215	s__Vibrio sinaloensis	#EEF1BD
GCA_000786335.1_02629	s__Vibrio cholerae	#8bd346
GCA_000786335.1_02630	s__Vibrio cholerae	#8bd346
GCA_000788495.1_00804	s__Vibrio cholerae	#8bd346
GCA_000788495.1_03178	s__Vibrio cholerae	#8bd346
GCA_000788515.1_00604	s__Vibrio cholerae	#8bd346
GCA_000788515.1_02193	s__Vibrio cholerae	#8bd346
GCA_000788675.1_03522	s__Vibrio cholerae	#8bd346
GCA_000788715.2_02335	s__Vibrio cholerae	#8bd346
GCA_000788755.1_02341	s__Vibrio cholerae	#8bd346
GCA_000798995.1_01537	s__Vibrio anguillarum	#d64e12
GCA_000798995.1_02603	s__Vibrio anguillarum	#d64e12
GCA_000808535.1_01588	s__Vibrio sinaloensis	#EEF1BD
GCA_000808555.1_01393	s__Vibrio sinaloensis	#EEF1BD
GCA_000812045.1_01688	s__Vibrio cholerae	#8bd346
GCA_000812045.1_03584	s__Vibrio cholerae	#8bd346
GCA_000953755.1_02535	s__Vibrio cholerae	#8bd346
GCA_000953785.1_01388	s__Vibrio cholerae	#8bd346
GCA_000967465.2_04550	s__Vibrio coralliilyticus	#644536
GCA_000967495.1_03837	s__Vibrio neptunius	#B2AA8E
GCA_000969235.1_00980	s__Vibrio cholerae	#8bd346
GCA_000969235.1_02808	s__Vibrio cholerae	#8bd346
GCA_000969265.1_01623	s__Vibrio cholerae	#8bd346
GCA_000969265.1_02533	s__Vibrio cholerae	#8bd346
GCA_001027485.1_00489	s__Vibrio cholerae	#8bd346
GCA_001030035.1_01146	s__Vibrio cholerae	#8bd346
GCA_001188205.1_03616	s__Vibrio bivalvicida	#03B5AA
GCA_001250195.1_00018	s__Vibrio cholerae	#8bd346
GCA_001250935.1_00545	s__Vibrio cholerae	#8bd346
GCA_001254055.1_00731	s__Vibrio cholerae	#8bd346
GCA_001254095.1_00574	s__Vibrio cholerae	#8bd346
GCA_001254095.1_01778	s__Vibrio cholerae	#8bd346
GCA_001254335.1_00056	s__Vibrio cholerae	#8bd346
GCA_001257035.1_03447	s__Vibrio cholerae	#8bd346
GCA_001257255.1_00439	s__Vibrio cholerae	#8bd346
GCA_001259555.1_00297	s__Vibrio cholerae	#8bd346
GCA_001259555.1_00298	s__Vibrio cholerae	#8bd346
GCA_001259875.1_03244	s__Vibrio cholerae	#8bd346
GCA_001267945.1_02207	s__Vibrio aestuarianus	#0C1B33
GCA_001274785.1_01251	s__Vibrio hepatarius	#7A306C
GCA_001292745.1_03411	s__Vibrio cholerae	#8bd346
GCA_001292785.1_03636	s__Vibrio cholerae	#8bd346
GCA_001297935.1_00122	s__Vibrio coralliilyticus	#644536
GCA_001399455.2_02440	s__Vibrio bivalvicida	#03B5AA
GCA_001402155.1_00119	s__Vibrio metoecus	#60dbe8
GCA_001402155.1_03713	s__Vibrio metoecus	#60dbe8
GCA_001402165.1_01685	s__Vibrio metoecus_B	#16a4d8
GCA_001402165.1_02461	s__Vibrio metoecus_B	#16a4d8
GCA_001402175.1_01232	s__Vibrio metoecus	#60dbe8
GCA_001402175.1_03451	s__Vibrio metoecus	#60dbe8
GCA_001402185.1_01341	s__Vibrio cholerae	#8bd346
GCA_001402185.1_01961	s__Vibrio cholerae	#8bd346
GCA_001402185.1_01962	s__Vibrio cholerae	#8bd346
GCA_001402255.1_01741	s__Vibrio cholerae	#8bd346
GCA_001402255.1_02646	s__Vibrio cholerae	#8bd346
GCA_001402255.1_02647	s__Vibrio cholerae	#8bd346
GCA_001402265.1_02392	s__Vibrio cholerae	#8bd346
GCA_001402265.1_02393	s__Vibrio cholerae	#8bd346
GCA_001402285.1_01865	s__Vibrio cholerae	#8bd346
GCA_001402285.1_03313	s__Vibrio cholerae	#8bd346
GCA_001402345.1_01875	s__Vibrio metoecus	#60dbe8
GCA_001402345.1_02731	s__Vibrio metoecus	#60dbe8
GCA_001402425.1_02718	s__Vibrio cholerae	#8bd346
GCA_001402495.1_00300	s__Vibrio metoecus	#60dbe8
GCA_001402495.1_01101	s__Vibrio metoecus	#60dbe8
GCA_001402515.1_00657	s__Vibrio metoecus	#60dbe8
GCA_001402515.1_03102	s__Vibrio metoecus	#60dbe8
GCA_001402675.1_00018	s__Vibrio metoecus	#60dbe8
GCA_001402675.1_01303	s__Vibrio metoecus	#60dbe8
GCA_001402685.1_01665	s__Vibrio metoecus	#60dbe8
GCA_001402685.1_01983	s__Vibrio metoecus	#60dbe8
GCA_001402745.1_00367	s__Vibrio cholerae	#8bd346
GCA_001402745.1_00368	s__Vibrio cholerae	#8bd346
GCA_001402745.1_03665	s__Vibrio cholerae	#8bd346
GCA_001402745.1_03666	s__Vibrio cholerae	#8bd346
GCA_001515085.1_02432	s__Vibrio cholerae	#8bd346
GCA_001515085.1_02433	s__Vibrio cholerae	#8bd346
GCA_001515115.1_01479	s__Vibrio cholerae	#8bd346
GCA_001515115.1_02564	s__Vibrio cholerae	#8bd346
GCA_001515165.1_02346	s__Vibrio cholerae	#8bd346
GCA_001515165.1_02535	s__Vibrio cholerae	#8bd346
GCA_001543505.1_02196	s__Vibrio cholerae	#8bd346
GCA_001543505.1_03276	s__Vibrio cholerae	#8bd346
GCA_001543505.1_03277	s__Vibrio cholerae	#8bd346
GCA_001558475.2_02755	s__Vibrio mimicus	#BBD686
GCA_001597715.2_01040	s__Vibrio cholerae	#8bd346
GCA_001597715.2_01041	s__Vibrio cholerae	#8bd346
GCA_001617665.1_00281	s__Vibrio cholerae	#8bd346
GCA_001637555.1_00329	s__Vibrio cholerae	#8bd346
GCA_001660505.2_02168	s__Vibrio anguillarum	#d64e12
GCA_001660505.2_02299	s__Vibrio anguillarum	#d64e12
GCA_001661905.2_03806	s__Vibrio cholerae	#8bd346
GCA_001661905.2_03807	s__Vibrio cholerae	#8bd346
GCA_001693615.1_03938	s__Vibrio coralliilyticus	#644536
GCA_001718015.1_02131	s__Vibrio anguillarum	#d64e12
GCA_001718095.1_00351	s__Vibrio cholerae	#8bd346
GCA_001718095.1_00352	s__Vibrio cholerae	#8bd346
GCA_001718095.1_03010	s__Vibrio cholerae	#8bd346
GCA_001718105.1_00520	s__Vibrio cholerae	#8bd346
GCA_001718105.1_03186	s__Vibrio cholerae	#8bd346
GCA_001729195.1_02821	s__Vibrio cholerae	#8bd346
GCA_001735565.1_00888	s__Vibrio cholerae	#8bd346
GCA_001743085.1_01092	s__Vibrio cholerae	#8bd346
GCA_001743085.1_01832	s__Vibrio cholerae	#8bd346
GCA_001767355.1_02086	s__Vibrio mimicus	#BBD686
GCA_001857155.1_02348	s__Vibrio cholerae	#8bd346
GCA_001857155.1_02505	s__Vibrio cholerae	#8bd346
GCA_001857455.1_01227	s__Vibrio cholerae	#8bd346
GCA_001857455.1_01228	s__Vibrio cholerae	#8bd346
GCA_001857455.1_01453	s__Vibrio cholerae	#8bd346
GCA_001857485.1_01777	s__Vibrio cholerae	#8bd346
GCA_001857485.1_02160	s__Vibrio cholerae	#8bd346
GCA_001857485.1_02161	s__Vibrio cholerae	#8bd346
GCA_001857515.1_01010	s__Vibrio cholerae	#8bd346
GCA_001857515.1_01478	s__Vibrio cholerae	#8bd346
GCA_001858585.1_01480	s__Vibrio cholerae	#8bd346
GCA_001860485.1_01252	s__Vibrio cholerae	#8bd346
GCA_001860485.1_01253	s__Vibrio cholerae	#8bd346
GCA_001899465.1_02344	s__Vibrio cholerae	#8bd346
GCA_001989695.1_01168	s__Vibrio anguillarum	#d64e12
GCA_001989695.1_01945	s__Vibrio anguillarum	#d64e12
GCA_001989855.2_01234	s__Vibrio anguillarum	#d64e12
GCA_001989895.2_00968	s__Vibrio anguillarum	#d64e12
GCA_001989895.2_01137	s__Vibrio anguillarum	#d64e12
GCA_001989995.2_00173	s__Vibrio anguillarum	#d64e12
GCA_001989995.2_02911	s__Vibrio anguillarum	#d64e12
GCA_001990105.2_02377	s__Vibrio anguillarum	#d64e12
GCA_001997225.1_01165	s__Vibrio anguillarum	#d64e12
GCA_002073995.1_04199	s__Vibrio coralliilyticus	#644536
GCA_002073995.1_04200	s__Vibrio coralliilyticus	#644536
GCA_002078035.1_02859	s__Vibrio anguillarum	#d64e12
GCA_002097735.1_00305	s__Vibrio cholerae	#8bd346
GCA_002097735.1_01303	s__Vibrio cholerae	#8bd346
GCA_002097755.1_02084	s__Vibrio cholerae	#8bd346
GCA_002114205.1_02694	s__Vibrio cholerae	#8bd346
GCA_002194335.1_00324	s__Vibrio cholerae	#8bd346
GCA_002194335.1_00325	s__Vibrio cholerae	#8bd346
GCA_002196055.1_02419	s__Vibrio cholerae	#8bd346
GCA_002196155.1_02842	s__Vibrio cholerae	#8bd346
GCA_002196165.1_01803	s__Vibrio cholerae	#8bd346
GCA_002196165.1_02702	s__Vibrio cholerae	#8bd346
GCA_002196305.1_01205	s__Vibrio cholerae	#8bd346
GCA_002196325.1_04477	s__Vibrio cholerae	#8bd346
GCA_002196325.1_04479	s__Vibrio cholerae	#8bd346
GCA_002196325.1_05535	s__Vibrio cholerae	#8bd346
GCA_002196325.1_05536	s__Vibrio cholerae	#8bd346
GCA_002196375.1_01582	s__Vibrio cholerae	#8bd346
GCA_002196375.1_02411	s__Vibrio cholerae	#8bd346
GCA_002196395.1_02061	s__Vibrio cholerae	#8bd346
GCA_002196395.1_02963	s__Vibrio cholerae	#8bd346
GCA_002204075.1_01110	s__Vibrio cholerae	#8bd346
GCA_002204085.1_02720	s__Vibrio cholerae	#8bd346
GCA_002211985.1_00911	s__Vibrio anguillarum	#d64e12
GCA_002212005.1_00830	s__Vibrio anguillarum	#d64e12
GCA_002212005.1_01614	s__Vibrio anguillarum	#d64e12
GCA_002212025.1_00954	s__Vibrio anguillarum	#d64e12
GCA_002216685.1_00817	s__Vibrio cholerae	#8bd346
GCA_002216685.1_01732	s__Vibrio cholerae	#8bd346
GCA_002241075.1_00462	s__Vibrio anguillarum	#d64e12
GCA_002241075.1_02606	s__Vibrio anguillarum	#d64e12
GCA_002241085.1_01682	s__Vibrio anguillarum	#d64e12
GCA_002241165.1_01821	s__Vibrio anguillarum	#d64e12
GCA_002241165.1_01943	s__Vibrio anguillarum	#d64e12
GCA_002241195.1_00530	s__Vibrio anguillarum	#d64e12
GCA_002241195.1_02096	s__Vibrio anguillarum	#d64e12
GCA_002241235.1_00191	s__Vibrio anguillarum	#d64e12
GCA_002241235.1_02129	s__Vibrio anguillarum	#d64e12
GCA_002241265.1_01514	s__Vibrio anguillarum	#d64e12
GCA_002241265.1_01753	s__Vibrio anguillarum	#d64e12
GCA_002241275.1_00626	s__Vibrio anguillarum	#d64e12
GCA_002241275.1_01405	s__Vibrio anguillarum	#d64e12
GCA_002241335.1_01876	s__Vibrio anguillarum	#d64e12
GCA_002241335.1_03357	s__Vibrio anguillarum	#d64e12
GCA_002241375.1_00605	s__Vibrio anguillarum	#d64e12
GCA_002241375.1_01267	s__Vibrio anguillarum	#d64e12
GCA_002251495.1_01052	s__Vibrio cholerae	#8bd346
GCA_002257545.1_00778	s__Vibrio ordalii	#f9a52c
GCA_002257545.1_00935	s__Vibrio ordalii	#f9a52c
GCA_002283805.1_00770	s__Vibrio metoecus	#60dbe8
GCA_002283805.1_01989	s__Vibrio metoecus	#60dbe8
GCA_002283835.1_00530	s__Vibrio metoecus	#60dbe8
GCA_002283835.1_03149	s__Vibrio metoecus	#60dbe8
GCA_002283845.1_02763	s__Vibrio metoecus	#60dbe8
GCA_002283845.1_02959	s__Vibrio metoecus	#60dbe8
GCA_002283905.1_00019	s__Vibrio metoecus	#60dbe8
GCA_002283905.1_03282	s__Vibrio metoecus	#60dbe8
GCA_002283955.1_01663	s__Vibrio metoecus	#60dbe8
GCA_002284025.1_01184	s__Vibrio metoecus	#60dbe8
GCA_002284025.1_03316	s__Vibrio metoecus	#60dbe8
GCA_002284125.1_00765	s__Vibrio cholerae	#8bd346
GCA_002284125.1_01494	s__Vibrio cholerae	#8bd346
GCA_002284155.1_01646	s__Vibrio cholerae	#8bd346
GCA_002284155.1_01647	s__Vibrio cholerae	#8bd346
GCA_002284155.1_02586	s__Vibrio cholerae	#8bd346
GCA_002284185.1_00828	s__Vibrio cholerae	#8bd346
GCA_002284185.1_02719	s__Vibrio cholerae	#8bd346
GCA_002284205.1_00481	s__Vibrio cholerae	#8bd346
GCA_002284205.1_02264	s__Vibrio cholerae	#8bd346
GCA_002284235.1_02089	s__Vibrio cholerae	#8bd346
GCA_002284235.1_03387	s__Vibrio cholerae	#8bd346
GCA_002284255.1_00301	s__Vibrio cholerae	#8bd346
GCA_002284255.1_01121	s__Vibrio cholerae	#8bd346
GCA_002284325.1_01193	s__Vibrio cholerae	#8bd346
GCA_002284325.1_02544	s__Vibrio cholerae	#8bd346
GCA_002284395.1_01286	s__Vibrio cholerae	#8bd346
GCA_002284395.1_01287	s__Vibrio cholerae	#8bd346
GCA_002284395.1_02924	s__Vibrio cholerae	#8bd346
GCA_002284425.1_01988	s__Vibrio cholerae	#8bd346
GCA_002284425.1_02544	s__Vibrio cholerae	#8bd346
GCA_002284455.1_01207	s__Vibrio cholerae	#8bd346
GCA_002284475.1_01744	s__Vibrio cholerae	#8bd346
GCA_002284475.1_03110	s__Vibrio cholerae	#8bd346
GCA_002284475.1_03111	s__Vibrio cholerae	#8bd346
GCA_002284495.1_01761	s__Vibrio cholerae	#8bd346
GCA_002284495.1_01762	s__Vibrio cholerae	#8bd346
GCA_002286405.1_01134	s__Vibrio coralliilyticus	#644536
GCA_002286655.1_04655	s__Vibrio coralliilyticus	#644536
GCA_002287625.1_02609	s__Vibrio coralliilyticus	#644536
GCA_002310335.1_00989	s__Vibrio anguillarum	#d64e12
GCA_002310335.1_01114	s__Vibrio anguillarum	#d64e12
GCA_002313025.1_00994	s__Vibrio cholerae	#8bd346
GCA_002742585.1_02936	s__Vibrio coralliilyticus	#644536
GCA_002843255.1_03257	s__Vibrio cholerae	#8bd346
GCA_002890525.1_00254	s__Vibrio cholerae	#8bd346
GCA_002890525.1_01186	s__Vibrio cholerae	#8bd346
GCA_002911455.1_01168	s__Vibrio cholerae	#8bd346
GCA_002911455.1_01169	s__Vibrio cholerae	#8bd346
GCA_002995435.1_03057	s__Vibrio anguillarum	#d64e12
GCA_002995435.1_03119	s__Vibrio anguillarum	#d64e12
GCA_003056705.1_02310	s__Vibrio cholerae	#8bd346
GCA_003056705.1_02311	s__Vibrio cholerae	#8bd346
GCA_003056995.1_02866	s__Vibrio cholerae	#8bd346
GCA_003057015.1_01167	s__Vibrio cholerae	#8bd346
GCA_003057015.1_02893	s__Vibrio cholerae	#8bd346
GCA_003057015.1_02894	s__Vibrio cholerae	#8bd346
GCA_003057035.1_02433	s__Vibrio cholerae	#8bd346
GCA_003057035.1_02547	s__Vibrio cholerae	#8bd346
GCA_003057775.1_00836	s__Vibrio cholerae	#8bd346
GCA_003057775.1_01093	s__Vibrio cholerae	#8bd346
GCA_003063885.1_01903	s__Vibrio cholerae	#8bd346
GCA_003096135.1_01506	s__Vibrio cholerae	#8bd346
GCA_003096135.1_02678	s__Vibrio cholerae	#8bd346
GCA_003260135.1_01089	s__Vibrio cholerae	#8bd346
GCA_003260135.1_01090	s__Vibrio cholerae	#8bd346
GCA_003311755.1_02468	s__Vibrio cholerae	#8bd346
GCA_003311755.1_03548	s__Vibrio cholerae	#8bd346
GCA_003311805.1_00512	s__Vibrio cholerae	#8bd346
GCA_003311805.1_00721	s__Vibrio cholerae	#8bd346
GCA_003311815.1_01093	s__Vibrio cholerae	#8bd346
GCA_003311825.1_03306	s__Vibrio cholerae	#8bd346
GCA_003311865.1_01611	s__Vibrio cholerae	#8bd346
GCA_003311885.1_03196	s__Vibrio cholerae	#8bd346
GCA_003311895.1_03194	s__Vibrio cholerae	#8bd346
GCA_003311905.1_02808	s__Vibrio cholerae	#8bd346
GCA_003311945.1_00925	s__Vibrio cholerae	#8bd346
GCA_003311965.1_02662	s__Vibrio cholerae	#8bd346
GCA_003311965.1_02916	s__Vibrio cholerae	#8bd346
GCA_003311975.1_00209	s__Vibrio cholerae	#8bd346
GCA_003312005.1_00821	s__Vibrio cholerae	#8bd346
GCA_003312005.1_00822	s__Vibrio cholerae	#8bd346
GCA_003312005.1_02055	s__Vibrio cholerae	#8bd346
GCA_003312015.1_01893	s__Vibrio cholerae	#8bd346
GCA_003312065.1_00097	s__Vibrio cholerae	#8bd346
GCA_003312065.1_01628	s__Vibrio cholerae	#8bd346
GCA_003312065.1_01629	s__Vibrio cholerae	#8bd346
GCA_003312085.1_01819	s__Vibrio cholerae	#8bd346
GCA_003312085.1_03307	s__Vibrio cholerae	#8bd346
GCA_003312095.1_01402	s__Vibrio cholerae	#8bd346
GCA_003312095.1_01403	s__Vibrio cholerae	#8bd346
GCA_003312095.1_02032	s__Vibrio cholerae	#8bd346
GCA_003312945.1_00292	s__Vibrio cholerae	#8bd346
GCA_003318175.1_01734	s__Vibrio cortegadensis	#C4A381
GCA_003347715.1_00465	s__Vibrio cholerae	#8bd346
GCA_003347725.1_00951	s__Vibrio cholerae	#8bd346
GCA_003347725.1_02944	s__Vibrio cholerae	#8bd346
GCA_003347725.1_02945	s__Vibrio cholerae	#8bd346
GCA_003347755.1_00997	s__Vibrio cholerae	#8bd346
GCA_003347775.1_00797	s__Vibrio cholerae	#8bd346
GCA_003347815.1_00690	s__Vibrio cholerae	#8bd346
GCA_003347815.1_02027	s__Vibrio cholerae	#8bd346
GCA_003347835.1_01569	s__Vibrio cholerae	#8bd346
GCA_003347855.1_01608	s__Vibrio cholerae	#8bd346
GCA_003347905.1_02629	s__Vibrio cholerae	#8bd346
GCA_003347905.1_02630	s__Vibrio cholerae	#8bd346
GCA_003347915.1_01322	s__Vibrio cholerae	#8bd346
GCA_003347915.1_01708	s__Vibrio cholerae	#8bd346
GCA_003347935.1_00259	s__Vibrio cholerae	#8bd346
GCA_003348015.1_00206	s__Vibrio cholerae	#8bd346
GCA_003348015.1_01570	s__Vibrio cholerae	#8bd346
GCA_003348055.1_00266	s__Vibrio cholerae	#8bd346
GCA_003348065.1_01208	s__Vibrio cholerae	#8bd346
GCA_003348065.1_03402	s__Vibrio cholerae	#8bd346
GCA_003348095.1_00691	s__Vibrio cholerae	#8bd346
GCA_003348095.1_01214	s__Vibrio cholerae	#8bd346
GCA_003348095.1_01215	s__Vibrio cholerae	#8bd346
GCA_003348195.1_00283	s__Vibrio cholerae	#8bd346
GCA_003348195.1_01912	s__Vibrio cholerae	#8bd346
GCA_003348235.1_01668	s__Vibrio cholerae	#8bd346
GCA_003348235.1_01669	s__Vibrio cholerae	#8bd346
GCA_003348235.1_01974	s__Vibrio cholerae	#8bd346
GCA_003348305.1_02556	s__Vibrio cholerae	#8bd346
GCA_003348415.1_01938	s__Vibrio cholerae	#8bd346
GCA_003348415.1_01939	s__Vibrio cholerae	#8bd346
GCA_003348415.1_02348	s__Vibrio cholerae	#8bd346
GCA_003348545.1_00546	s__Vibrio cholerae	#8bd346
GCA_003348545.1_01528	s__Vibrio cholerae	#8bd346
GCA_003348655.1_01492	s__Vibrio cholerae	#8bd346
GCA_003348655.1_01791	s__Vibrio cholerae	#8bd346
GCA_003348735.1_00017	s__Vibrio cholerae	#8bd346
GCA_003348735.1_03111	s__Vibrio cholerae	#8bd346
GCA_003348735.1_03112	s__Vibrio cholerae	#8bd346
GCA_003348755.1_03144	s__Vibrio cholerae	#8bd346
GCA_003348755.1_03145	s__Vibrio cholerae	#8bd346
GCA_003348815.1_02076	s__Vibrio cholerae	#8bd346
GCA_003348885.1_00313	s__Vibrio cholerae	#8bd346
GCA_003348985.1_00112	s__Vibrio cholerae	#8bd346
GCA_003348985.1_00622	s__Vibrio cholerae	#8bd346
GCA_003349055.1_03336	s__Vibrio cholerae	#8bd346
GCA_003349155.1_00957	s__Vibrio cholerae	#8bd346
GCA_003349155.1_02036	s__Vibrio cholerae	#8bd346
GCA_003349215.1_01115	s__Vibrio cholerae	#8bd346
GCA_003349215.1_02252	s__Vibrio cholerae	#8bd346
GCA_003349265.1_01523	s__Vibrio cholerae	#8bd346
GCA_003349495.1_00900	s__Vibrio cholerae	#8bd346
GCA_003349495.1_00901	s__Vibrio cholerae	#8bd346
GCA_003349525.1_01265	s__Vibrio cholerae	#8bd346
GCA_003349525.1_01856	s__Vibrio cholerae	#8bd346
GCA_003349575.1_01900	s__Vibrio cholerae	#8bd346
GCA_003349575.1_02367	s__Vibrio cholerae	#8bd346
GCA_003349685.1_00376	s__Vibrio cholerae	#8bd346
GCA_003349725.1_02317	s__Vibrio cholerae	#8bd346
GCA_003449075.1_00716	s__Vibrio cholerae	#8bd346
GCA_003449075.1_03221	s__Vibrio cholerae	#8bd346
GCA_003449075.1_03344	s__Vibrio cholerae	#8bd346
GCA_003449135.1_02885	s__Vibrio cholerae	#8bd346
GCA_003585365.1_00386	s__Vibrio cholerae	#8bd346
GCA_003585365.1_01113	s__Vibrio cholerae	#8bd346
GCA_003585385.1_02177	s__Vibrio cholerae	#8bd346
GCA_003585385.1_02178	s__Vibrio cholerae	#8bd346
GCA_003585385.1_02929	s__Vibrio cholerae	#8bd346
GCA_003585465.1_00644	s__Vibrio cholerae	#8bd346
GCA_003585465.1_02931	s__Vibrio cholerae	#8bd346
GCA_003585485.1_00946	s__Vibrio cholerae	#8bd346
GCA_003585505.1_01452	s__Vibrio cholerae	#8bd346
GCA_003585505.1_02987	s__Vibrio cholerae	#8bd346
GCA_003585535.1_03069	s__Vibrio cholerae	#8bd346
GCA_003585535.1_03070	s__Vibrio cholerae	#8bd346
GCA_003585535.1_03330	s__Vibrio cholerae	#8bd346
GCA_003585545.1_00600	s__Vibrio cholerae	#8bd346
GCA_003585545.1_02091	s__Vibrio cholerae	#8bd346
GCA_003591575.1_01010	s__Vibrio cholerae	#8bd346
GCA_003591575.1_01910	s__Vibrio cholerae	#8bd346
GCA_003594505.1_02853	s__Vibrio cholerae	#8bd346
GCA_003594505.1_03154	s__Vibrio cholerae	#8bd346
GCA_003594515.1_00014	s__Vibrio cholerae	#8bd346
GCA_003594515.1_01191	s__Vibrio cholerae	#8bd346
GCA_003594535.1_00287	s__Vibrio cholerae	#8bd346
GCA_003594535.1_01090	s__Vibrio cholerae	#8bd346
GCA_003594945.1_01149	s__Vibrio cholerae	#8bd346
GCA_003594945.1_02114	s__Vibrio cholerae	#8bd346
GCA_003594945.1_02115	s__Vibrio cholerae	#8bd346
GCA_003595585.1_01035	s__Vibrio anguillarum	#d64e12
GCA_003595585.1_01830	s__Vibrio anguillarum	#d64e12
GCA_003709525.1_03040	s__Vibrio anguillarum	#d64e12
GCA_003716365.1_01319	s__Vibrio cholerae	#8bd346
GCA_003716365.1_02452	s__Vibrio cholerae	#8bd346
GCA_003716375.1_00795	s__Vibrio cholerae	#8bd346
GCA_003716375.1_02734	s__Vibrio cholerae	#8bd346
GCA_003716425.1_01127	s__Vibrio cholerae	#8bd346
GCA_003716425.1_01353	s__Vibrio cholerae	#8bd346
GCA_003716425.1_01354	s__Vibrio cholerae	#8bd346
GCA_003716435.1_00871	s__Vibrio cholerae	#8bd346
GCA_003716465.1_00382	s__Vibrio cholerae	#8bd346
GCA_003716465.1_00383	s__Vibrio cholerae	#8bd346
GCA_003716465.1_02186	s__Vibrio cholerae	#8bd346
GCA_003716505.1_00093	s__Vibrio cholerae	#8bd346
GCA_003716505.1_00965	s__Vibrio cholerae	#8bd346
GCA_003716505.1_00966	s__Vibrio cholerae	#8bd346
GCA_003716515.1_00743	s__Vibrio cholerae	#8bd346
GCA_003716515.1_01641	s__Vibrio cholerae	#8bd346
GCA_004117115.1_01089	s__Vibrio cholerae	#8bd346
GCA_004121775.1_00265	s__Vibrio cholerae	#8bd346
GCA_004801035.1_02608	s__Vibrio cholerae	#8bd346
GCA_004801065.1_02413	s__Vibrio cholerae	#8bd346
GCA_005146325.1_00879	s__Vibrio cortegadensis	#C4A381
GCA_005636015.1_02252	s__Vibrio cholerae	#8bd346
GCA_005636015.1_03120	s__Vibrio cholerae	#8bd346
GCA_005636045.1_00423	s__Vibrio cholerae	#8bd346
GCA_005636045.1_00424	s__Vibrio cholerae	#8bd346
GCA_005636045.1_03555	s__Vibrio cholerae	#8bd346
GCA_005636065.1_02573	s__Vibrio cholerae	#8bd346
GCA_005636065.1_03533	s__Vibrio cholerae	#8bd346
GCA_005636115.1_00424	s__Vibrio cholerae	#8bd346
GCA_005636125.1_00423	s__Vibrio cholerae	#8bd346
GCA_005636125.1_00424	s__Vibrio cholerae	#8bd346
GCA_005636155.1_00585	s__Vibrio cholerae	#8bd346
GCA_005636165.1_00593	s__Vibrio cholerae	#8bd346
GCA_005636165.1_00594	s__Vibrio cholerae	#8bd346
GCA_006802045.1_01992	s__Vibrio cholerae	#8bd346
GCA_006802045.1_03441	s__Vibrio cholerae	#8bd346
GCA_006802075.1_01853	s__Vibrio cholerae	#8bd346
GCA_006802075.1_02514	s__Vibrio cholerae	#8bd346
GCA_006802145.1_02374	s__Vibrio cholerae	#8bd346
GCA_006802145.1_02375	s__Vibrio cholerae	#8bd346
GCA_006802145.1_02961	s__Vibrio cholerae	#8bd346
GCA_006802155.1_02220	s__Vibrio cholerae	#8bd346
GCA_006802165.1_00374	s__Vibrio cholerae	#8bd346
GCA_006802195.1_01671	s__Vibrio cholerae	#8bd346
GCA_006802205.1_01161	s__Vibrio cholerae	#8bd346
GCA_006802205.1_01694	s__Vibrio cholerae	#8bd346
GCA_006802245.1_01959	s__Vibrio cholerae	#8bd346
GCA_006802245.1_01960	s__Vibrio cholerae	#8bd346
GCA_006802255.1_01303	s__Vibrio cholerae	#8bd346
GCA_006802255.1_01926	s__Vibrio cholerae	#8bd346
GCA_006802295.1_02347	s__Vibrio cholerae	#8bd346
GCA_006802295.1_02348	s__Vibrio cholerae	#8bd346
GCA_006802345.1_01111	s__Vibrio cholerae	#8bd346
GCA_006802365.1_02315	s__Vibrio cholerae	#8bd346
GCA_006802365.1_02551	s__Vibrio cholerae	#8bd346
GCA_006802375.1_02966	s__Vibrio cholerae	#8bd346
GCA_006802375.1_03474	s__Vibrio cholerae	#8bd346
GCA_006802375.1_03475	s__Vibrio cholerae	#8bd346
GCA_006802395.1_00007	s__Vibrio cholerae	#8bd346
GCA_006802395.1_02698	s__Vibrio cholerae	#8bd346
GCA_006802395.1_02699	s__Vibrio cholerae	#8bd346
GCA_006802445.1_02317	s__Vibrio cholerae	#8bd346
GCA_006802475.1_01253	s__Vibrio cholerae	#8bd346
GCA_006802475.1_02757	s__Vibrio cholerae	#8bd346
GCA_006802485.1_01941	s__Vibrio cholerae	#8bd346
GCA_006802485.1_02089	s__Vibrio cholerae	#8bd346
GCA_006802485.1_02090	s__Vibrio cholerae	#8bd346
GCA_006802495.1_01885	s__Vibrio cholerae	#8bd346
GCA_006802545.1_02851	s__Vibrio cholerae	#8bd346
GCA_006802575.1_00539	s__Vibrio cholerae	#8bd346
GCA_006802575.1_00540	s__Vibrio cholerae	#8bd346
GCA_006802595.1_00777	s__Vibrio cholerae	#8bd346
GCA_006802595.1_03181	s__Vibrio cholerae	#8bd346
GCA_006802595.1_03182	s__Vibrio cholerae	#8bd346
GCA_006802605.1_00137	s__Vibrio cholerae	#8bd346
GCA_006802605.1_00348	s__Vibrio cholerae	#8bd346
GCA_006802655.1_00177	s__Vibrio cholerae	#8bd346
GCA_006802655.1_01769	s__Vibrio cholerae	#8bd346
GCA_006802655.1_01770	s__Vibrio cholerae	#8bd346
GCA_006802685.1_00456	s__Vibrio cholerae	#8bd346
GCA_006802695.1_01119	s__Vibrio cholerae	#8bd346
GCA_006802705.1_01424	s__Vibrio cholerae	#8bd346
GCA_006802735.1_02306	s__Vibrio cholerae	#8bd346
GCA_006802795.1_01782	s__Vibrio cholerae	#8bd346
GCA_006802795.1_01783	s__Vibrio cholerae	#8bd346
GCA_006802795.1_02771	s__Vibrio cholerae	#8bd346
GCA_006802815.1_01741	s__Vibrio cholerae	#8bd346
GCA_006802815.1_01742	s__Vibrio cholerae	#8bd346
GCA_006802815.1_03493	s__Vibrio cholerae	#8bd346
GCA_006802865.1_01219	s__Vibrio cholerae	#8bd346
GCA_006802865.1_01333	s__Vibrio cholerae	#8bd346
GCA_006802905.1_00461	s__Vibrio cholerae	#8bd346
GCA_006802905.1_01874	s__Vibrio cholerae	#8bd346
GCA_006802915.1_00991	s__Vibrio cholerae	#8bd346
GCA_006802925.1_00784	s__Vibrio cholerae	#8bd346
GCA_006802925.1_01404	s__Vibrio cholerae	#8bd346
GCA_006802935.1_02098	s__Vibrio cholerae	#8bd346
GCA_006802945.1_00401	s__Vibrio cholerae	#8bd346
GCA_006803025.1_01857	s__Vibrio cholerae	#8bd346
GCA_006803025.1_02974	s__Vibrio cholerae	#8bd346
GCA_006803025.1_02975	s__Vibrio cholerae	#8bd346
GCA_006803035.1_01904	s__Vibrio cholerae	#8bd346
GCA_006803035.1_01905	s__Vibrio cholerae	#8bd346
GCA_006803035.1_02947	s__Vibrio cholerae	#8bd346
GCA_006803105.1_00685	s__Vibrio cholerae	#8bd346
GCA_006803105.1_00686	s__Vibrio cholerae	#8bd346
GCA_006803105.1_03444	s__Vibrio cholerae	#8bd346
GCA_006803115.1_00573	s__Vibrio cholerae	#8bd346
GCA_006803125.1_02695	s__Vibrio cholerae	#8bd346
GCA_006803125.1_03658	s__Vibrio cholerae	#8bd346
GCA_006803135.1_01706	s__Vibrio cholerae	#8bd346
GCA_007623975.1_01778	s__Vibrio cholerae	#8bd346
GCA_007624435.1_02231	s__Vibrio cholerae	#8bd346
GCA_007624435.1_02443	s__Vibrio cholerae	#8bd346
GCA_008083215.1_00649	s__Vibrio cholerae	#8bd346
GCA_008083245.1_00495	s__Vibrio cholerae	#8bd346
GCA_008083255.1_00980	s__Vibrio cholerae	#8bd346
GCA_008083315.1_00020	s__Vibrio cholerae	#8bd346
GCA_008083335.1_01852	s__Vibrio cholerae	#8bd346
GCA_008083335.1_02720	s__Vibrio cholerae	#8bd346
GCA_008083355.1_00918	s__Vibrio cholerae	#8bd346
GCA_008083365.1_01642	s__Vibrio cholerae	#8bd346
GCA_008083365.1_03177	s__Vibrio cholerae	#8bd346
GCA_008083415.1_00790	s__Vibrio cholerae	#8bd346
GCA_008083415.1_00791	s__Vibrio cholerae	#8bd346
GCA_008083415.1_01538	s__Vibrio cholerae	#8bd346
GCA_008083425.1_02493	s__Vibrio cholerae	#8bd346
GCA_008083445.1_01202	s__Vibrio cholerae	#8bd346
GCA_008083445.1_02949	s__Vibrio cholerae	#8bd346
GCA_008083465.1_00155	s__Vibrio mimicus	#BBD686
GCA_008083535.1_00313	s__Vibrio mimicus	#BBD686
GCA_008083545.1_01383	s__Vibrio cholerae	#8bd346
GCA_008083575.1_00518	s__Vibrio cholerae	#8bd346
GCA_008083575.1_01527	s__Vibrio cholerae	#8bd346
GCA_008083615.1_00241	s__Vibrio cholerae	#8bd346
GCA_008083635.1_01682	s__Vibrio cholerae	#8bd346
GCA_008083635.1_02872	s__Vibrio cholerae	#8bd346
GCA_008083665.1_02742	s__Vibrio cholerae	#8bd346
GCA_008083715.1_01557	s__Vibrio cholerae	#8bd346
GCA_008083715.1_02408	s__Vibrio cholerae	#8bd346
GCA_008083755.1_00568	s__Vibrio cholerae	#8bd346
GCA_008083775.1_03181	s__Vibrio mimicus	#BBD686
GCA_008083785.1_00337	s__Vibrio cholerae	#8bd346
GCA_008083785.1_01600	s__Vibrio cholerae	#8bd346
GCA_008083855.1_01192	s__Vibrio cholerae	#8bd346
GCA_008083855.1_01419	s__Vibrio cholerae	#8bd346
GCA_008083865.1_01011	s__Vibrio cholerae	#8bd346
GCA_008083875.1_01970	s__Vibrio cholerae	#8bd346
GCA_008083875.1_01971	s__Vibrio cholerae	#8bd346
GCA_008083915.1_02339	s__Vibrio cholerae	#8bd346
GCA_008083925.1_01913	s__Vibrio cholerae	#8bd346
GCA_008083955.1_02250	s__Vibrio cholerae	#8bd346
GCA_008083965.1_03765	s__Vibrio mimicus	#BBD686
GCA_008083975.1_01937	s__Vibrio cholerae	#8bd346
GCA_008083975.1_03080	s__Vibrio cholerae	#8bd346
GCA_008083995.1_01972	s__Vibrio cholerae	#8bd346
GCA_008084025.1_00268	s__Vibrio cholerae	#8bd346
GCA_008084025.1_01965	s__Vibrio cholerae	#8bd346
GCA_008084055.1_01716	s__Vibrio cholerae	#8bd346
GCA_008084055.1_02216	s__Vibrio cholerae	#8bd346
GCA_008084295.1_01170	s__Vibrio cholerae	#8bd346
GCA_008084305.1_02634	s__Vibrio cholerae	#8bd346
GCA_008084315.1_00932	s__Vibrio cholerae	#8bd346
GCA_008084325.1_03298	s__Vibrio cholerae	#8bd346
GCA_008084395.1_01724	s__Vibrio cholerae	#8bd346
GCA_008084405.1_02157	s__Vibrio mimicus	#BBD686
GCA_008084425.1_01256	s__Vibrio cholerae	#8bd346
GCA_008084425.1_02514	s__Vibrio cholerae	#8bd346
GCA_008084505.1_02818	s__Vibrio cholerae	#8bd346
GCA_008084525.1_00941	s__Vibrio cholerae	#8bd346
GCA_008084525.1_03062	s__Vibrio cholerae	#8bd346
GCA_008084545.1_02730	s__Vibrio cholerae	#8bd346
GCA_008084565.1_01748	s__Vibrio cholerae	#8bd346
GCA_008084565.1_02721	s__Vibrio cholerae	#8bd346
GCA_008084605.1_00427	s__Vibrio cholerae	#8bd346
GCA_008084605.1_03212	s__Vibrio cholerae	#8bd346
GCA_008084635.1_02757	s__Vibrio cholerae	#8bd346
GCA_008084635.1_02758	s__Vibrio cholerae	#8bd346
GCA_008084645.1_00756	s__Vibrio cholerae	#8bd346
GCA_008084645.1_03335	s__Vibrio cholerae	#8bd346
GCA_008084655.1_00969	s__Vibrio cholerae	#8bd346
GCA_008084655.1_02931	s__Vibrio cholerae	#8bd346
GCA_008084705.1_00091	s__Vibrio cholerae	#8bd346
GCA_008084705.1_01070	s__Vibrio cholerae	#8bd346
GCA_008084745.1_02072	s__Vibrio mimicus	#BBD686
GCA_008084755.1_00544	s__Vibrio cholerae	#8bd346
GCA_008084755.1_01626	s__Vibrio cholerae	#8bd346
GCA_008084795.1_01311	s__Vibrio cholerae	#8bd346
GCA_008084815.1_01933	s__Vibrio cholerae	#8bd346
GCA_008084825.1_01978	s__Vibrio cholerae	#8bd346
GCA_008084835.1_00011	s__Vibrio cholerae	#8bd346
GCA_008084855.1_00315	s__Vibrio cholerae	#8bd346
GCA_008084855.1_00316	s__Vibrio cholerae	#8bd346
GCA_008084855.1_02829	s__Vibrio cholerae	#8bd346
GCA_008085465.1_02457	s__Vibrio cholerae	#8bd346
GCA_008085465.1_02696	s__Vibrio cholerae	#8bd346
GCA_008085535.1_01423	s__Vibrio cholerae	#8bd346
GCA_008085535.1_02177	s__Vibrio cholerae	#8bd346
GCA_008085575.1_02641	s__Vibrio cholerae	#8bd346
GCA_008085575.1_02902	s__Vibrio cholerae	#8bd346
GCA_008085585.1_00136	s__Vibrio cholerae	#8bd346
GCA_008085625.1_01423	s__Vibrio cholerae	#8bd346
GCA_008085625.1_02880	s__Vibrio cholerae	#8bd346
GCA_008085635.1_01380	s__Vibrio cholerae	#8bd346
GCA_008085635.1_01381	s__Vibrio cholerae	#8bd346
GCA_008085635.1_01831	s__Vibrio cholerae	#8bd346
GCA_008269345.1_00573	s__Vibrio cholerae	#8bd346
GCA_008269345.1_01341	s__Vibrio cholerae	#8bd346
GCA_008269365.1_02619	s__Vibrio cholerae	#8bd346
GCA_008269365.1_02620	s__Vibrio cholerae	#8bd346
GCA_008269455.1_01946	s__Vibrio cholerae	#8bd346
GCA_008369465.1_00288	s__Vibrio cholerae	#8bd346
GCA_008369465.1_00289	s__Vibrio cholerae	#8bd346
GCA_008369465.1_02016	s__Vibrio cholerae	#8bd346
GCA_008369605.1_00936	s__Vibrio cholerae	#8bd346
GCA_008369605.1_01830	s__Vibrio cholerae	#8bd346
GCA_008370425.1_00590	s__Vibrio cholerae	#8bd346
GCA_008370425.1_02682	s__Vibrio cholerae	#8bd346
GCA_008370445.1_00322	s__Vibrio cholerae	#8bd346
GCA_008370545.1_02652	s__Vibrio cholerae	#8bd346
GCA_008370595.1_00929	s__Vibrio cholerae	#8bd346
GCA_009653605.1_01925	s__Vibrio cholerae	#8bd346
GCA_009653605.1_03083	s__Vibrio cholerae	#8bd346
GCA_009665195.1_00211	s__Vibrio mimicus	#BBD686
GCA_009665255.1_00824	s__Vibrio metoecus_B	#16a4d8
GCA_009665255.1_01692	s__Vibrio metoecus_B	#16a4d8
GCA_009762895.1_01540	s__Vibrio cholerae	#8bd346
GCA_009762895.1_02589	s__Vibrio cholerae	#8bd346
GCA_009763105.1_02891	s__Vibrio cholerae	#8bd346
GCA_009763105.1_02892	s__Vibrio cholerae	#8bd346
GCA_009763865.1_00759	s__Vibrio metoecus	#60dbe8
GCA_009763905.1_00361	s__Vibrio metoecus	#60dbe8
GCA_009763905.1_02145	s__Vibrio metoecus	#60dbe8
GCA_009763965.1_00167	s__Vibrio mimicus	#BBD686
GCA_009764025.1_00918	s__Vibrio mimicus	#BBD686
GCA_009811315.1_01086	s__Vibrio atypicus	#644536
GCA_009811335.1_01978	s__Vibrio atypicus	#644536
GCA_009898195.1_01523	s__Vibrio cholerae	#8bd346
GCA_009899585.1_02264	s__Vibrio cholerae	#8bd346
GCA_009904995.1_00041	s__Vibrio anguillarum	#d64e12
GCA_011090235.1_00612	s__Vibrio aestuarianus	#0C1B33
GCA_011212705.1_03717	s__Vibrio coralliilyticus	#644536
GCA_011306175.1_02119	s__Vibrio sp011306175	#efdf48
GCA_011806575.1_03137	s__Vibrio hepatarius_A	#7A306C
GCA_012275105.1_00813	s__Vibrio cholerae	#8bd346
GCA_012275105.1_02693	s__Vibrio cholerae	#8bd346
GCA_013048585.1_00629	s__Vibrio anguillarum	#d64e12
GCA_013048585.1_01736	s__Vibrio anguillarum	#d64e12
GCA_013048635.1_00106	s__Vibrio anguillarum	#d64e12
GCA_013048725.1_02089	s__Vibrio anguillarum	#d64e12
GCA_013048725.1_02557	s__Vibrio anguillarum	#d64e12
GCA_013048735.1_02784	s__Vibrio anguillarum	#d64e12
GCA_013048735.1_03362	s__Vibrio anguillarum	#d64e12
GCA_013048765.1_01280	s__Vibrio anguillarum	#d64e12
GCA_013110925.1_00271	s__Vibrio cholerae	#8bd346
GCA_013110925.1_01593	s__Vibrio cholerae	#8bd346
GCA_013110955.1_03256	s__Vibrio cholerae	#8bd346
GCA_013110975.1_02439	s__Vibrio cholerae	#8bd346
GCA_013111105.1_03019	s__Vibrio cholerae	#8bd346
GCA_013111175.1_00017	s__Vibrio cholerae	#8bd346
GCA_013111175.1_01463	s__Vibrio cholerae	#8bd346
GCA_013111195.1_02871	s__Vibrio cholerae	#8bd346
GCA_013111215.1_02346	s__Vibrio cholerae	#8bd346
GCA_013111215.1_03341	s__Vibrio cholerae	#8bd346
GCA_013111245.1_01775	s__Vibrio cholerae	#8bd346
GCA_013111275.1_02250	s__Vibrio cholerae	#8bd346
GCA_013111295.1_02047	s__Vibrio cholerae	#8bd346
GCA_013111295.1_03051	s__Vibrio cholerae	#8bd346
GCA_013111545.1_00161	s__Vibrio cholerae	#8bd346
GCA_013111585.1_01194	s__Vibrio cholerae	#8bd346
GCA_013111605.1_02288	s__Vibrio cholerae	#8bd346
GCA_013111655.1_02788	s__Vibrio cholerae	#8bd346
GCA_013113815.1_00923	s__Vibrio coralliilyticus	#644536
GCA_013113825.1_01597	s__Vibrio anguillarum	#d64e12
GCA_013113835.1_02801	s__Vibrio sp013113835	#272D2D
GCA_013113905.1_02887	s__Vibrio coralliilyticus	#644536
GCA_013114105.1_01083	s__Vibrio hepatarius	#7A306C
GCA_013114135.1_01105	s__Vibrio cortegadensis	#C4A381
GCA_013114385.1_04579	s__Vibrio coralliilyticus	#644536
GCA_013114685.1_00902	s__Vibrio coralliilyticus	#644536
GCA_013155105.1_06224	s__Vibrio cholerae	#8bd346
GCA_013214045.1_04243	s__Vibrio neptunius	#B2AA8E
GCA_013266555.1_03298	s__Vibrio coralliilyticus	#644536
GCA_013266565.1_01203	s__Vibrio coralliilyticus	#644536
GCA_013266605.1_02830	s__Vibrio coralliilyticus	#644536
GCA_013266615.1_03714	s__Vibrio coralliilyticus	#644536
GCA_013357605.1_02005	s__Vibrio cholerae	#8bd346
GCA_013357625.1_00978	s__Vibrio cholerae	#8bd346
GCA_013357645.1_00978	s__Vibrio cholerae	#8bd346
GCA_013357665.1_00978	s__Vibrio cholerae	#8bd346
GCA_013357665.1_01897	s__Vibrio cholerae	#8bd346
GCA_013357685.1_01790	s__Vibrio cholerae	#8bd346
GCA_013357725.1_00975	s__Vibrio cholerae	#8bd346
GCA_013357745.1_00979	s__Vibrio cholerae	#8bd346
GCA_013357745.1_00980	s__Vibrio cholerae	#8bd346
GCA_013357745.1_01905	s__Vibrio cholerae	#8bd346
GCA_013357765.1_00973	s__Vibrio cholerae	#8bd346
GCA_013357765.1_01834	s__Vibrio cholerae	#8bd346
GCA_013357785.1_00976	s__Vibrio cholerae	#8bd346
GCA_013357785.1_00977	s__Vibrio cholerae	#8bd346
GCA_013357785.1_01929	s__Vibrio cholerae	#8bd346
GCA_013357825.1_01004	s__Vibrio cholerae	#8bd346
GCA_013357825.1_01005	s__Vibrio cholerae	#8bd346
GCA_013357885.1_00989	s__Vibrio cholerae	#8bd346
GCA_013357885.1_01911	s__Vibrio cholerae	#8bd346
GCA_013364385.1_04452	s__Vibrio coralliilyticus	#644536
GCA_013373305.1_01077	s__Vibrio hepatarius_A	#7A306C
GCA_013414365.1_01440	s__Vibrio cholerae	#8bd346
GCA_013414375.1_00024	s__Vibrio cholerae	#8bd346
GCA_013414375.1_03320	s__Vibrio cholerae	#8bd346
GCA_013414565.1_01590	s__Vibrio cholerae	#8bd346
GCA_013414565.1_03502	s__Vibrio cholerae	#8bd346
GCA_014116745.1_00573	s__Vibrio cholerae	#8bd346
GCA_014116745.1_02241	s__Vibrio cholerae	#8bd346
GCA_014281135.1_01151	s__Vibrio cholerae	#8bd346
GCA_014281135.1_02991	s__Vibrio cholerae	#8bd346
GCA_014525175.1_00283	s__Vibrio cholerae	#8bd346
GCA_014525175.1_02151	s__Vibrio cholerae	#8bd346
GCA_014634265.1_01556	s__Vibrio cholerae	#8bd346
GCA_014634265.1_01557	s__Vibrio cholerae	#8bd346
GCA_014634265.1_02548	s__Vibrio cholerae	#8bd346
GCA_014634385.1_02641	s__Vibrio cholerae	#8bd346
GCA_014654545.1_00039	s__Vibrio cholerae	#8bd346
GCA_014654545.1_03338	s__Vibrio cholerae	#8bd346
GCA_014654565.1_00809	s__Vibrio cholerae	#8bd346
GCA_014654695.1_01532	s__Vibrio cholerae	#8bd346
GCA_014654695.1_01915	s__Vibrio cholerae	#8bd346
GCA_015168795.1_00971	s__Vibrio cholerae	#8bd346
GCA_015168795.1_01880	s__Vibrio cholerae	#8bd346
GCA_015342905.1_00711	s__Vibrio anguillarum	#d64e12
GCA_015342905.1_03902	s__Vibrio anguillarum	#d64e12
GCA_015343015.1_00016	s__Vibrio anguillarum	#d64e12
GCA_015343015.1_02059	s__Vibrio anguillarum	#d64e12
GCA_015343425.1_01588	s__Vibrio anguillarum	#d64e12
GCA_015830005.1_01134	s__Vibrio cholerae	#8bd346
GCA_015830025.1_00589	s__Vibrio cholerae	#8bd346
GCA_016456575.1_01412	s__Vibrio cholerae	#8bd346
GCA_016456645.1_00173	s__Vibrio cholerae	#8bd346
GCA_016456785.1_01191	s__Vibrio cholerae	#8bd346
GCA_016456805.1_00812	s__Vibrio cholerae	#8bd346
GCA_016456805.1_01534	s__Vibrio cholerae	#8bd346
GCA_016456815.1_00506	s__Vibrio cholerae	#8bd346
GCA_016456815.1_01171	s__Vibrio cholerae	#8bd346
GCA_016456845.1_00570	s__Vibrio cholerae	#8bd346
GCA_016456845.1_01255	s__Vibrio cholerae	#8bd346
GCA_016456855.1_00992	s__Vibrio cholerae	#8bd346
GCA_016456855.1_01793	s__Vibrio cholerae	#8bd346
GCA_016456875.1_00729	s__Vibrio cholerae	#8bd346
GCA_016456875.1_01191	s__Vibrio cholerae	#8bd346
GCA_016456905.1_01290	s__Vibrio cholerae	#8bd346
GCA_016456905.1_01291	s__Vibrio cholerae	#8bd346
GCA_016456915.1_01851	s__Vibrio cholerae	#8bd346
GCA_016456915.1_01852	s__Vibrio cholerae	#8bd346
GCA_016456925.1_01084	s__Vibrio cholerae	#8bd346
GCA_016456995.1_00264	s__Vibrio cholerae	#8bd346
GCA_016456995.1_01529	s__Vibrio cholerae	#8bd346
GCA_016457005.1_00938	s__Vibrio cholerae	#8bd346
GCA_016457045.1_02124	s__Vibrio cholerae	#8bd346
GCA_016457045.1_02125	s__Vibrio cholerae	#8bd346
GCA_016457055.1_02416	s__Vibrio cholerae	#8bd346
GCA_016457125.1_01889	s__Vibrio cholerae	#8bd346
GCA_016457125.1_02370	s__Vibrio cholerae	#8bd346
GCA_016457155.1_02259	s__Vibrio cholerae	#8bd346
GCA_016457185.1_00975	s__Vibrio cholerae	#8bd346
GCA_016457185.1_01965	s__Vibrio cholerae	#8bd346
GCA_016457205.1_02105	s__Vibrio cholerae	#8bd346
GCA_016457205.1_02106	s__Vibrio cholerae	#8bd346
GCA_017051655.1_00778	s__Vibrio neptunius	#B2AA8E
GCA_017051755.1_00292	s__Vibrio neptunius	#B2AA8E
GCA_017169515.1_00973	s__Vibrio cholerae	#8bd346
GCA_017169525.1_01955	s__Vibrio cholerae	#8bd346
GCA_017169525.1_01956	s__Vibrio cholerae	#8bd346
GCA_017169525.1_02603	s__Vibrio cholerae	#8bd346
GCA_017169545.1_00483	s__Vibrio cholerae	#8bd346
GCA_017426745.1_01543	s__Vibrio cholerae	#8bd346
GCA_017426745.1_02728	s__Vibrio cholerae	#8bd346
GCA_017426765.1_00598	s__Vibrio cholerae	#8bd346
GCA_017426785.1_00559	s__Vibrio cholerae	#8bd346
GCA_017426785.1_02221	s__Vibrio cholerae	#8bd346
GCA_017426905.1_00888	s__Vibrio cholerae	#8bd346
GCA_017426905.1_00889	s__Vibrio cholerae	#8bd346
GCA_017426915.1_03518	s__Vibrio cholerae	#8bd346
GCA_017426965.1_02468	s__Vibrio cholerae	#8bd346
GCA_017426985.1_00001	s__Vibrio cholerae	#8bd346
GCA_017426985.1_02672	s__Vibrio cholerae	#8bd346
GCA_017814615.1_00419	s__Vibrio cholerae	#8bd346
GCA_018035165.1_02875	s__Vibrio cholerae	#8bd346
GCA_019048845.1_02137	s__Vibrio sp000176715	#9b5fe0
GCA_019048845.1_03201	s__Vibrio sp000176715	#9b5fe0
GCA_019092625.1_00088	s__Vibrio cholerae	#8bd346
GCA_019092625.1_00089	s__Vibrio cholerae	#8bd346
GCA_019092625.1_00308	s__Vibrio cholerae	#8bd346
GCA_019092705.1_01522	s__Vibrio cholerae	#8bd346
GCA_019092705.1_01747	s__Vibrio cholerae	#8bd346
GCA_019092805.1_01389	s__Vibrio cholerae	#8bd346
GCA_019092825.1_01518	s__Vibrio cholerae	#8bd346
GCA_019092825.1_01519	s__Vibrio cholerae	#8bd346
GCA_019092945.1_00405	s__Vibrio cholerae	#8bd346
GCA_019093035.1_01647	s__Vibrio cholerae	#8bd346
GCA_019093035.1_01648	s__Vibrio cholerae	#8bd346
GCA_019093085.1_01450	s__Vibrio cholerae	#8bd346
GCA_019093085.1_01670	s__Vibrio cholerae	#8bd346
GCA_019093085.1_01671	s__Vibrio cholerae	#8bd346
GCA_019093145.1_00403	s__Vibrio cholerae	#8bd346
GCA_019273635.1_01410	s__Vibrio cholerae	#8bd346
GCA_019273655.1_01403	s__Vibrio cholerae	#8bd346
GCA_019273655.1_02237	s__Vibrio cholerae	#8bd346
GCA_019339365.1_04096	s__Vibrio neptunius	#B2AA8E
GCA_019339365.1_04097	s__Vibrio neptunius	#B2AA8E
GCA_019350735.1_00925	s__Vibrio cholerae	#8bd346
GCA_019400765.1_00042	s__Vibrio cholerae	#8bd346
GCA_019400765.1_03524	s__Vibrio cholerae	#8bd346
GCA_019448125.1_02812	s__Vibrio cholerae	#8bd346
GCA_019458465.1_01054	s__Vibrio cholerae	#8bd346
GCA_019458465.1_02012	s__Vibrio cholerae	#8bd346
GCA_019504425.1_01789	s__Vibrio cholerae	#8bd346
GCA_019780445.1_01757	s__Vibrio cholerae	#8bd346
GCA_019780645.1_00878	s__Vibrio cholerae	#8bd346
GCA_019780645.1_03150	s__Vibrio cholerae	#8bd346
GCA_019846205.1_01589	s__Vibrio anguillarum	#d64e12
GCA_019846205.1_03227	s__Vibrio anguillarum	#d64e12
GCA_020686745.1_02258	s__Vibrio coralliilyticus	#644536
GCA_020782075.1_00456	s__Vibrio anguillarum	#d64e12
GCA_021014515.1_02890	s__Vibrio cholerae	#8bd346
GCA_021014515.1_02891	s__Vibrio cholerae	#8bd346
GCA_021014515.1_02959	s__Vibrio cholerae	#8bd346
GCA_021014565.1_01472	s__Vibrio cholerae	#8bd346
GCA_021014585.1_02206	s__Vibrio cholerae	#8bd346
GCA_021014585.1_03415	s__Vibrio cholerae	#8bd346
GCA_021014605.1_02543	s__Vibrio cholerae	#8bd346
GCA_021014625.1_00839	s__Vibrio cholerae	#8bd346
GCA_021014625.1_03042	s__Vibrio cholerae	#8bd346
GCA_021014645.1_00560	s__Vibrio cholerae	#8bd346
GCA_021014645.1_01127	s__Vibrio cholerae	#8bd346
GCA_021014705.1_02109	s__Vibrio cholerae	#8bd346
GCA_021014725.1_02927	s__Vibrio cholerae	#8bd346
GCA_021014825.1_00377	s__Vibrio cholerae	#8bd346
GCA_021014845.1_03417	s__Vibrio cholerae	#8bd346
GCA_021014865.1_00087	s__Vibrio cholerae	#8bd346
GCA_021014875.1_00261	s__Vibrio cholerae	#8bd346
GCA_021014875.1_01193	s__Vibrio cholerae	#8bd346
GCA_021166895.1_02801	s__Vibrio cholerae	#8bd346
GCA_021166915.1_01041	s__Vibrio cholerae	#8bd346
GCA_021166915.1_02497	s__Vibrio cholerae	#8bd346
GCA_021166935.1_02020	s__Vibrio cholerae	#8bd346
GCA_021166935.1_02360	s__Vibrio cholerae	#8bd346
GCA_021166955.1_01493	s__Vibrio cholerae	#8bd346
GCA_021166975.1_00918	s__Vibrio cholerae	#8bd346
GCA_021166975.1_02432	s__Vibrio cholerae	#8bd346
GCA_021167035.1_00978	s__Vibrio cholerae	#8bd346
GCA_021167035.1_02848	s__Vibrio cholerae	#8bd346
GCA_021228575.1_00470	s__Vibrio cholerae	#8bd346
GCA_021228575.1_01427	s__Vibrio cholerae	#8bd346
GCA_021431945.1_02031	s__Vibrio cholerae	#8bd346
GCA_022397495.1_02186	s__Vibrio tubiashii	#B2675E
GCA_022397595.1_00184	s__Vibrio tubiashii	#B2675E
GCA_022398025.1_00245	s__Vibrio coralliilyticus_A	#644536
GCA_022398095.1_00483	s__Vibrio coralliilyticus_A	#644536
GCA_022398215.1_00986	s__Vibrio coralliilyticus_A	#644536
GCA_022758165.1_02180	s__Vibrio cholerae	#8bd346
GCA_022758165.1_02498	s__Vibrio cholerae	#8bd346
GCA_023488285.1_01373	s__Vibrio cholerae	#8bd346
GCA_023488285.1_02472	s__Vibrio cholerae	#8bd346
GCA_023716545.1_04240	s__Vibrio coralliilyticus_A	#644536
GCA_023955485.1_01098	s__Vibrio cholerae	#8bd346
GCA_023955485.1_01099	s__Vibrio cholerae	#8bd346
GCA_024105835.1_02251	s__Vibrio cholerae	#8bd346
GCA_024105855.1_02204	s__Vibrio cholerae	#8bd346
GCA_024105875.1_01096	s__Vibrio cholerae	#8bd346
GCA_024105925.1_02705	s__Vibrio cholerae	#8bd346
GCA_024105975.1_03058	s__Vibrio cholerae	#8bd346
GCA_024106015.1_02375	s__Vibrio cholerae	#8bd346
GCA_024347395.1_02036	s__Vibrio cortegadensis	#C4A381
GCA_024743495.1_00046	s__Vibrio metoecus	#60dbe8
GCA_024743495.1_01301	s__Vibrio metoecus	#60dbe8
GCA_024743535.1_00915	s__Vibrio cholerae	#8bd346
GCA_024743535.1_02281	s__Vibrio cholerae	#8bd346
GCA_024743545.1_00251	s__Vibrio cholerae	#8bd346
GCA_024743545.1_03166	s__Vibrio cholerae	#8bd346
GCA_024743775.1_00819	s__Vibrio anguillarum	#d64e12
GCA_024745065.1_01023	s__Vibrio cholerae	#8bd346
GCA_024745295.1_02314	s__Vibrio cholerae	#8bd346
GCA_024745295.1_03252	s__Vibrio cholerae	#8bd346
GCA_024745935.1_02364	s__Vibrio cholerae	#8bd346
GCA_024746215.1_02137	s__Vibrio cholerae	#8bd346
GCA_024746925.1_01708	s__Vibrio cholerae	#8bd346
GCA_024746925.1_01709	s__Vibrio cholerae	#8bd346
GCA_024748415.1_01282	s__Vibrio anguillarum	#d64e12
GCA_024748415.1_03212	s__Vibrio anguillarum	#d64e12
GCA_900185995.1_01009	s__Vibrio cholerae	#8bd346
GCA_900185995.1_01837	s__Vibrio cholerae	#8bd346
GCA_900324435.1_01021	s__Vibrio cholerae	#8bd346
GCA_900538065.1_01582	s__Vibrio cholerae	#8bd346
GCA_900538065.1_01583	s__Vibrio cholerae	#8bd346
GCA_900538065.1_01816	s__Vibrio cholerae	#8bd346
GCA_902810005.1_00561	s__Vibrio cholerae	#8bd346
GCA_944738745.1_00209	s__Vibrio aestuarianus	#0C1B33
GCA_944739605.1_00285	s__Vibrio aestuarianus	#0C1B33
